Sr No,Product Name,SKU,Error
1,"Brentfords Plain Duvet Cover Set - White
Size
Double",BRENTWH62,Product not found
2,"Brentfords Plain Dyed Fitted Sheet - White
Size
Double",BRENTWH7002,Product not found
3,"OHS Essentials 4.5 Tog Cool Duvet
Size
Double",BFPP04TWH02,Product not found
5,"Brentfords Supersoft Throw - Ochre Yellow
Size
120 x 150cm",BBUSPLNOC10,Product not found
6,"Brentfords Supersoft Throw - Green
Size
120 x 150cm",BBUSPLNGR10,Product not found
7,"Brentfords Supersoft Throw - Navy Blue
Size
120 x 150cm",BBUSPLNNV10,Product not found
8,"Brentfords Teddy Fleece Throw - Burnt Orange
Size
125 x 150cm",BBTEPLDRT11,Product not found
9,"Sienna Matte Velvet Cushion Covers - Burnt Orange
Size
2 Pack
Filling
With Cushion Pad",SACCMVERT44-xFilled,Product not found
10,OHS Hudson Flannel Check Cushion Covers - Green,CT000871,Product not found
11,OHS Felix Flannel Check Cushion Covers - Rust,CT000870,Product not found
12,"Sienna Metallic Foil Geometric Cushion Covers - Blush
Size
2 Pack",CT001158,Product not found
13,"OHS Matte Velvet Geometric Print Cushion Covers - Teal
Size
2 Pack",CT001098,Product not found
14,"OHS Cut Out Matte Velvet Cushion Covers - Charcoal
Size
2 Pack
Filling
With Cushion Pad",OACCMVGCH44-xFilled,Product not found
